{
  "experiment_name": "nn_optimization_R002",
  "timestamp": "2025-10-10T13:28:51.601122",
  "config": {
    "seed": 42,
    "data_size": 28,
    "subsample_train": null,
    "subsample_val": null,
    "knn_k_values": [
      1,
      3,
      5,
      7,
      13,
      21,
      33,
      45,
      55,
      67,
      79,
      91,
      111,
      131,
      149,
      167,
      193,
      201
    ],
    "linear_lrs": [
      1e-06,
      1e-05,
      0.0001,
      0.001,
      0.01,
      0.1,
      1
    ],
    "linear_regs": [
      1e-07,
      1e-06,
      1e-05,
      0.0001,
      0.001,
      0.01,
      0.1
    ],
    "nn_hidden_sizes": [
      50,
      100,
      200
    ],
    "nn_lrs": [
      0.0001,
      0.0005,
      0.001,
      0.005,
      0.01,
      0.05,
      0.1
    ],
    "nn_regs": [
      0.0001,
      0.001,
      0.01,
      0.05,
      0.1,
      0.5
    ],
    "nn_optimizers": [
      "sgd",
      "momentum",
      "adam"
    ]
  },
  "plots": [],
  "results": {
    "nn": {
      "test_accuracy": 88.07366267173342,
      "best_params": {
        "hidden_size": 200,
        "learning_rate": 0.001,
        "regularization": 0.0001,
        "optimizer": "adam"
      }
    }
  }
}